{
  "hash": "45a3cfee",
  "configHash": "634a43aa",
  "lockfileHash": "ac1030c8",
  "browserHash": "9c66ca72",
  "optimized": {
    "@angular/common": {
      "src": "../../../../../node_modules/@angular/common/fesm2022/common.mjs",
      "file": "@angular_common.js",
      "fileHash": "02b3080b",
      "needsInterop": false
    },
    "@angular/core": {
      "src": "../../../../../node_modules/@angular/core/fesm2022/core.mjs",
      "file": "@angular_core.js",
      "fileHash": "df5309b3",
      "needsInterop": false
    },
    "@angular/forms": {
      "src": "../../../../../node_modules/@angular/forms/fesm2022/forms.mjs",
      "file": "@angular_forms.js",
      "fileHash": "0433cf82",
      "needsInterop": false
    },
    "@angular/platform-browser": {
      "src": "../../../../../node_modules/@angular/platform-browser/fesm2022/platform-browser.mjs",
      "file": "@angular_platform-browser.js",
      "fileHash": "2c3420cd",
      "needsInterop": false
    },
    "@angular/router": {
      "src": "../../../../../node_modules/@angular/router/fesm2022/router.mjs",
      "file": "@angular_router.js",
      "fileHash": "3eb82fbe",
      "needsInterop": false
    }
  },
  "chunks": {
    "chunk-HVUDDNBE": {
      "file": "chunk-HVUDDNBE.js"
    },
    "chunk-YB7WXP4O": {
      "file": "chunk-YB7WXP4O.js"
    },
    "chunk-5YL2E2YL": {
      "file": "chunk-5YL2E2YL.js"
    }
  }
}